soc_name,soc_sumlevel,soc_id,avg_wage_2014,avg_wage_2015,gini_2014,gini_2015,num_ppl_2014,num_ppl_2015
"Management occupations",2,110000,87851.9,89842,0.428235,0.43328,13907169,14482769
"Management, business, & financial occupations",1,110000-130000,82469.1,84231.9,0.42609,0.430771,20695927,21415130
"Management, business, science, & arts occupations",0,110000-290000,70827.7,72398.9,0.436476,0.439302,52106585,53417813
"General & operations managers",3,111021,84467.2,85517.3,0.393959,0.389194,820163,893042
"Chief executives & legislators",3,1110XX,153964,162724,0.442882,0.449315,1129730,1154041
"Advertising & promotions managers",3,112011,73508,76569.7,0.400012,0.433845,51962,43016
"Marketing & sales managers",3,112020,96675.2,98249.8,0.417923,0.42965,843208,917775
"Public relations & fundraising managers",3,112031,86040.9,81796.6,0.347928,0.347946,58005,58724
"Administrative services managers",3,113011,71545.3,68414.2,0.325793,0.358356,140634,148039
"Computer & information systems managers",3,113021,106766,109153,0.312131,0.301462,544636,577986
"Financial managers",3,113031,95852.5,100194,0.428909,0.44802,1110767,1159394
"Industrial production managers",3,113051,85102.5,83549.4,0.335196,0.313392,240008,237648
"Purchasing managers",3,113061,82101.9,80989.6,0.315724,0.318537,187147,194471
"Transportation, storage, & distribution managers",3,113071,58310.9,58846.9,0.325594,0.331734,222606,237496
"Compensation & benefits managers",3,113111,101856,83102.3,0.39764,0.321688,15006,18940
"Human resources managers",3,113121,80673.4,82273.5,0.379907,0.374395,370752,394237
"Training & development managers",3,113131,76409.1,75818.2,0.350809,0.380048,58314,64140
"Farmers, ranchers, & other agricultural managers",3,119013,50668.9,52869.4,0.486155,0.486019,255876,258716
"Construction managers",3,119021,77989.2,79336.8,0.338815,0.348968,494048,506818
"Education administrators",3,119030,69362.8,69374.8,0.348159,0.351641,857286,876961
"Architectural & engineering managers",3,119041,143592,145556,0.302351,0.30352,145246,153419
"Food service managers",3,119051,42737.8,41938.2,0.42077,0.403588,889006,915937
"Gaming managers",3,119071,54181.7,53370.8,0.399602,0.330456,16873,18496
"Lodging managers",3,119081,53295.5,53664.2,0.447835,0.416083,110026,128773
"Medical & health services managers",3,119111,82604.1,82878.6,0.37706,0.382872,622761,649847
"Natural sciences managers",3,119121,93228.5,98240.6,0.379724,0.418333,16917,20298
"Property, real estate, & community association managers",3,119141,62354,64552.3,0.46276,0.450693,497392,525894
"Social & community service managers",3,119151,60035.6,59824.3,0.374398,0.37146,341892,355696
"Emergency management directors",3,119161,61116.4,65134.7,0.319571,0.256117,10399,9459
"Miscellaneous managers",3,119XXX,90003.9,92300.6,0.408638,0.410873,3856509,3963506
"Business & financial operations occupations",2,130000,71442.3,72511.5,0.40949,0.412522,6788758,6932361
"Agents & business managers of artists, performers, & athletes",3,131011,63775.2,72415.8,0.490958,0.594351,38306,36268
"Buyers & purchasing agents, farm products",3,131021,65965.7,54763.2,0.480932,0.390154,8782,9350
"Wholesale & retail buyers, except farm products",3,131022,40859.8,40604.6,0.455309,0.426948,196993,201237
"Purchasing agents, except wholesale, retail, & farm products",3,131023,59003,58244.8,0.316544,0.297743,278317,272445
"Claims adjusters, appraisers, examiners, & investigators",3,131030,53547,55831.2,0.268382,0.282528,285236,288332
"Compliance officers",3,131041,75223.6,73674.8,0.369813,0.342428,211446,224356
"Cost estimators",3,131051,63795.2,64470.2,0.321504,0.317189,130301,127013
"Human resources workers",3,131070,62978.6,63473.5,0.374865,0.375215,763938,744662
"Logisticians",3,131081,56284.9,55221.9,0.354657,0.320399,120033,146581
"Management analysts",3,131111,90697.1,91653.7,0.41197,0.421114,684660,713414
"Meeting, convention, & event planners",3,131121,41998.9,42379.5,0.379396,0.414833,116852,126562
"Fundraisers",3,131131,58817.7,57720.6,0.402211,0.413804,92141,91129
"Compensation, benefits, & job analysis specialists",3,131141,52804.3,56601.2,0.291736,0.315892,46519,55959
"Training & development specialists",3,131151,55822.3,58739.4,0.330446,0.342024,126788,152401
"Market research analysts & marketing specialists",3,131161,76918.1,78751.9,0.425013,0.439451,279150,274022
"Business operations specialists, all other",3,131199,66179.4,72812.1,0.392564,0.415367,282393,284496
"Accountants & auditors",3,132011,69145.3,70258.3,0.38596,0.390647,1819292,1851576
"Appraisers & assessors of real estate",3,132021,56632.9,58648.3,0.357868,0.361936,65206,69198
"Budget analysts",3,132031,75586.8,80073,0.262802,0.275793,47201,47282
"Credit analysts",3,132041,66102.1,67118.9,0.343611,0.33758,29222,28268
"Financial analysts",3,132051,103663,106924,0.410177,0.41806,202797,223533
"Personal financial advisors",3,132052,125046,125787,0.484395,0.486556,330356,332094
"Insurance underwriters",3,132053,69009.6,68565.6,0.341295,0.312301,109119,112034
"Financial examiners",3,132061,95736.6,94853.9,0.401849,0.32381,13796,12997
"Credit counselors & loan officers",3,132070,71907.4,71881,0.393193,0.403974,297997,308006
"Tax examiners & collectors, & revenue agents",3,132081,57659.6,54657.6,0.297938,0.300649,56928,61327
"Tax preparers",3,132082,48292.4,49488.9,0.55679,0.574424,92773,84875
"Other financial specialists",3,132099,91166.1,90387.1,0.475079,0.475686,62216,52944
"Computer & mathematical occupations",2,150000,79671.8,81187,0.324928,0.324208,4030744,4185116
"Computer, engineering, & science occupations",1,150000-190000,77661.2,79853.8,0.336424,0.33675,7876321,8101695
"Computer & information research scientists",3,151111,101382,83529.7,0.283286,0.375965,14178,19557
"Computer systems analysts",3,151121,81465.3,80819.1,0.318279,0.300652,529673,475777
"Information security analysts",3,151122,87706.9,90440.3,0.279535,0.286725,59226,66741
"Computer programmers",3,151131,80673.6,82484,0.299975,0.290592,430123,426464
"Web developers",3,151134,60224,58072.6,0.368867,0.351906,168334,169358
"Software developers, applications & systems software",3,15113X,98602,99143.6,0.282811,0.288538,1084346,1172770
"Database administrators",3,151141,74112.2,78414.9,0.301561,0.299276,117238,113854
"Network & computer systems administrators",3,151142,69042.9,70475.7,0.269997,0.263128,211317,205756
"Computer network architects",3,151143,95684.3,96596.8,0.254399,0.24862,104547,107120
"Computer support specialists",3,151150,53966.2,59949.1,0.344067,0.354476,562292,632724
"Other Computer Occupations",3,151199,70022,71308.9,0.332766,0.345988,537293,578563
"Actuaries",3,152011,127003,128374,0.349693,0.415502,31118,26914
"Operations research analysts",3,152031,78381.4,81954,0.266836,0.263231,135022,137878
"Miscellaneous mathematical science occupations, including mathematicians & statisticians",3,1520XX,82847.5,90093.8,0.377416,0.356882,46037,51640
"Architecture & engineering occupations",2,170000,80493.5,83879.3,0.317635,0.317423,2544717,2592854
"Architects, except naval",3,171010,81950.3,89317.1,0.37906,0.389996,157045,155098
"Surveyors, cartographers, & photogrammetrists",3,171020,58408.7,56080.2,0.314404,0.319618,38252,31258
"Aerospace engineers",3,172011,100313,102563,0.246377,0.249705,115362,118650
"Chemical engineers",3,172041,103542,109748,0.274682,0.291865,57036,66551
"Civil engineers",3,172051,84747.4,86538.6,0.288846,0.301835,298856,310143
"Computer hardware engineers",3,172061,95714,98691.2,0.332213,0.297839,52138,52120
"Electrical & electronics engineers",3,172070,95203.1,96877.9,0.269864,0.269078,202222,212250
"Environmental engineers",3,172081,80846.5,77927.8,0.277487,0.280348,26129,30442
"Biomedical & agricultural engineers",3,1720XX,85516.6,80555.8,0.274711,0.250839,16825,16364
"Industrial engineers, including health & safety",3,172110,79333.9,77332.8,0.256503,0.259571,177734,197221
"Marine engineers & naval architects",3,172121,79826.5,87735.8,0.27097,0.239451,13294,12062
"Materials engineers",3,172131,82322.3,84780.4,0.233775,0.273925,30453,42436
"Mechanical engineers",3,172141,79258.7,84106.8,0.250235,0.247425,241884,248403
"Petroleum, mining & geological engineers, including mining safety engineers",3,1721XX,133053,135251,0.385818,0.377533,40505,48168
"Miscellaneous engineers, including nuclear engineers",3,1721YY,92575.6,95825.5,0.291081,0.289675,508802,535297
"Drafters",3,173010,49733.7,50545.5,0.318016,0.301365,148120,149500
"Engineering technicians, except drafters",3,173020,53401,54527.2,0.313021,0.309959,420060,366891
"Surveying & mapping technicians",3,173031,50340.6,49492,0.359674,0.379978,68584,61906
"Life, physical, & social science occupations",2,190000,66756.2,68650.1,0.397737,0.402967,1232276,1261819
"Agricultural & food scientists",3,191010,69584.4,58196.6,0.394433,0.333496,22467,21711
"Biological scientists",3,191020,64113.3,63638.3,0.310538,0.315132,66626,73363
"Conservation scientists & foresters",3,191030,53739.5,59625.8,0.277559,0.319932,17520,19544
"Medical scientists, & life scientists, all other",3,1910XX,88246.7,89889.3,0.381889,0.380359,137864,151858
"Astronomers & physicists",3,192010,88095,115694,0.295238,0.359676,11556,8466
"Atmospheric & space scientists",3,192021,82131.4,77766.5,0.342355,0.343266,11339,11153
"Chemists & materials scientists",3,192030,75858.1,77570.2,0.302799,0.332516,83937,86356
"Environmental scientists & geoscientists",3,192040,94512.4,97068.6,0.404961,0.408222,68289,68269
"Other Physical Scientists",3,192099,77491.1,79721.1,0.377277,0.380883,200463,217641
"Economists",3,193011,119430,129207,0.363066,0.3754,22854,21230
"Psychologists",3,193030,65345.6,68872,0.336723,0.342977,147561,152444
"Urban & regional planners",3,193051,73135.6,70035.8,0.308937,0.268477,24129,21862
"Miscellaneous social scientists, including survey researchers & sociologists",3,1930XX,55202.2,59706.8,0.416492,0.401653,55027,33541
"Agricultural & food science technicians",3,194011,44199.4,47650.3,0.375838,0.366131,37990,36841
"Biological technicians",3,194021,45442.4,54970.4,0.322077,0.40335,22699,21665
"Chemical technicians",3,194031,51211.3,55232.6,0.315389,0.300763,69299,70224
"Geological & petroleum technicians, & nuclear technicians",3,1940XX,70090.8,75412.3,0.297414,0.35566,19095,21765
"Miscellaneous life, physical, & social science technicians, including social science research assistants",3,1940YY,38595.9,36227.9,0.449313,0.455334,213561,223886
"Community & Social Service Occupations",2,210000,41197.8,41766.6,0.329474,0.328933,2439486,2509026
"Education, legal, community service, arts, & media occupations",1,210000-270000,50308.4,51091.5,0.452906,0.453283,15088407,15279909
"Counselors",3,211010,40510.9,41972.8,0.337743,0.348586,698413,764272
"Social workers",3,211020,43263.4,43180.3,0.27712,0.270143,804543,830679
"Probation officers & correctional treatment specialists",3,211092,49785.2,49392.6,0.25174,0.244469,94969,88143
"Social & human service assistants",3,211093,34406.1,36294,0.359815,0.355631,177080,182920
"Miscellaneous community & social service specialists, including health educators & community health workers",3,21109X,41653.6,43552.7,0.39078,0.394305,95452,91156
"Clergy",3,212011,42686.9,41716.6,0.352862,0.353466,417363,411929
"Directors, religious activities & education",3,212021,35796.2,38595.6,0.401324,0.399007,71008,71873
"Religious workers, all other",3,212099,27852.6,28289.3,0.451341,0.449813,80658,68054
"Legal Occupations",2,230000,112777,114496,0.48201,0.482744,1504267,1540635
"Judicial law clerks",3,231012,50538.5,58423.5,0.524741,0.41265,19635,20563
"Lawyers, & judges, magistrates, & other judicial workers",3,2310XX,149144,151638,0.430989,0.433755,947362,968350
"Paralegals & legal assistants",3,232011,48994.6,49536.2,0.336224,0.341114,387792,393839
"Miscellaneous legal support workers",3,232090,55937.4,56038,0.397075,0.392477,149478,157883
"Education, Training, & Library Occupations",2,250000,42100.2,42378,0.402354,0.402091,8759380,8793605
"Postsecondary teachers",3,251000,56701,57318.3,0.463917,0.456944,1449272,1509808
"Preschool & kindergarten teachers",3,252010,23084.5,23378.7,0.370192,0.373761,553663,575136
"Elementary & middle school teachers",3,252020,46374.8,46452.9,0.292117,0.291278,3511147,3497254
"Secondary school teachers",3,252030,49690,50239.6,0.275802,0.275734,777819,797572
"Special education teachers",3,252050,43773.9,44596.4,0.308332,0.292184,273580,258277
"Other teachers & instructors",3,253000,31497.6,29761.9,0.532058,0.538077,774548,768236
"Archivists, curators, & museum technicians",3,254010,45313.6,46165.5,0.424004,0.423909,45246,45001
"Librarians",3,254021,42465.6,42922.6,0.350711,0.351895,179589,166398
"Library technicians",3,254031,14749.8,18978.9,0.522014,0.57718,47358,50733
"Teacher assistants",3,259041,19436.1,20068,0.387623,0.398343,1023100,1017644
"Other education, training, & library workers",3,2590XX,45982,47940.7,0.413341,0.389711,124058,107546
"Arts, design, entertainment, sports, & media occupations",2,270000,50373,52049.9,0.489284,0.486731,2385274,2436643
"Artists & related workers",3,271010,54310.3,54611.3,0.466504,0.489744,106058,123263
"Designers",3,271020,50913.5,53318.5,0.42548,0.410631,706854,732944
"Actors",3,272011,43064.3,45256.9,0.672713,0.667863,28015,32443
"Producers & directors",3,272012,76208.9,81629.2,0.442882,0.454125,134407,136190
"Athletes, coaches, umpires, & related workers",3,272020,33181.9,34717.2,0.630956,0.64468,279784,256310
"Dancers & choreographers",3,272030,25561.7,30100.6,0.503556,0.449425,14710,17449
"Musicians, singers, & related workers",3,272040,33903.8,34436.4,0.57406,0.607939,143156,141648
"Entertainers & performers, sports & related workers, all other",3,272099,41317.2,32329.1,0.562979,0.520116,28495,29699
"Announcers",3,273010,47250.3,48626.2,0.556958,0.585224,37432,41123
"News analysts, reporters & correspondents",3,273020,61779.8,56966.8,0.46216,0.473269,74366,73112
"Public relations specialists",3,273031,77147.8,73138.8,0.463452,0.458979,117499,127974
"Editors",3,273041,55015,56813.2,0.396968,0.398285,158179,164890
"Technical writers",3,273042,67974.1,67200.7,0.291483,0.322594,53293,54237
"Writers & authors",3,273043,59832.2,62385.9,0.47433,0.492765,159958,159484
"Miscellaneous media & communication workers",3,273090,35230.1,37100.4,0.458749,0.428158,81229,90321
"Photographers",3,274021,33941.6,36254.6,0.503143,0.502398,114628,104266
"Television, video, & motion picture camera operators & editors",3,274030,50294.2,50266.2,0.478318,0.467575,43359,52256
"Broadcast & sound engineering technicians & radio operators, & media & communication equipment workers, all other",3,2740XX,48229.4,49727.2,0.433257,0.417978,103852,99034
"Healthcare practitioners & technical occupations",2,290000,72586,73764.6,0.452849,0.457024,8445930,8621079
"Chiropractors",3,291011,90075.8,80306.5,0.479777,0.453682,41787,40533
"Dentists",3,291020,162761,165731,0.419702,0.413357,136821,133941
"Dietitians & nutritionists",3,291031,44699.2,46211.2,0.356063,0.385191,92692,89223
"Optometrists",3,291041,104699,106963,0.351799,0.360059,32232,31744
"Pharmacists",3,291051,95928.3,98727.7,0.29323,0.29978,283552,292844
"Physicians & surgeons",3,291060,207834,216097,0.405562,0.409044,815351,868476
"Physician assistants",3,291071,87402.3,88963.1,0.309663,0.288689,100329,95891
"Podiatrists",3,291081,156073,149906,0.418332,0.454291,6663,6545
"Occupational therapists",3,291122,60021.9,59731,0.258314,0.242367,98754,103613
"Physical therapists",3,291123,66462.8,67106.9,0.279001,0.287488,221736,229251
"Radiation therapists",3,291124,74172.8,70684.9,0.213794,0.270825,14317,16789
"Recreational therapists",3,291125,40320.8,38174.6,0.320485,0.311529,12199,10509
"Respiratory therapists",3,291126,58294.3,55387.8,0.291477,0.255446,113101,102432
"Speechlanguage pathologists",3,291127,57540.7,56043.4,0.285926,0.268546,138500,141671
"Other therapists, including exercise physiologists",3,29112X,44389.4,42693.2,0.364965,0.329632,141653,146782
"Veterinarians",3,291131,90928.6,97745.7,0.340015,0.382969,71975,66831
"Registered nurses",3,291141,59947.7,60864.6,0.283817,0.288793,3005295,3068286
"Nurse anesthetists",3,291151,152778,155320,0.261169,0.253755,26195,27801
"Audiologists",3,291181,72113.6,66504.5,0.325895,0.268653,14474,15260
"Health diagnosing & treating practitioners, all other",3,291199,50202.3,53357.1,0.490421,0.502172,17066,17582
"Nurse practitioners & nurse midwives",3,2911XX,89773.6,91939,0.239479,0.235859,124172,131646
"Clinical laboratory technologists & technicians",3,292010,45429.8,45657.9,0.322876,0.33337,313086,325018
"Dental hygienists",3,292021,49157,48971.2,0.303304,0.311563,160941,177580
"Diagnostic related technologists & technicians",3,292030,52694.5,54474.8,0.289956,0.307328,336028,341904
"Emergency medical technicians & paramedics",3,292041,44299.9,42782.9,0.354832,0.356923,208818,204933
"Health practitioner support technologists & technicians",3,292050,43762,30875.4,0.500526,0.339884,625184,626286
"Licensed practical & licensed vocational nurses",3,292061,35372.3,36166.1,0.331486,0.331892,845994,821575
"Medical records & health information technicians",3,292071,36926.2,39038.9,0.312504,0.310717,163010,176010
"Opticians, dispensing",3,292081,37962.2,38687.5,0.326569,0.378448,58250,55471
"Miscellaneous health technologists & technicians",3,292090,47416.1,45328.2,0.426276,0.402391,128809,126348
"Other healthcare practitioners & technical Occupations",3,299000,56726.4,57982.6,0.374449,0.361822,96946,128304
"Healthcare Support Occupations",2,310000,24950.1,25283.4,0.35798,0.360932,3421979,3505490
"Service Occupations",0,310000-390000,23451.1,23808.5,0.465106,0.464087,24900832,25003215
"Nursing, psychiatric, & home health aides",3,311010,22937.1,23284.6,0.367174,0.373944,2024215,2020137
"Occupational therapy assistants & aides",3,312010,37821.5,39188.6,0.275908,0.254911,20007,21658
"Physical therapist assistants & aides",3,312020,35822.4,35055.7,0.325009,0.369337,79918,87209
"Massage therapists",3,319011,22887.2,22969.2,0.387628,0.373506,127670,124905
"Dental assistants",3,319091,27577.4,28861.1,0.2962,0.306658,284956,309135
"Medical assistants",3,319092,28594.1,28240.7,0.30817,0.295222,511435,520309
"Medical transcriptionists",3,319094,27626.1,26410.8,0.323569,0.29836,40446,38924
"Pharmacy aides",3,319095,31478.4,28950.7,0.443452,0.457108,39138,46539
"Veterinary assistants & laboratory animal caretakers",3,319096,23510.4,22178.4,0.419838,0.411287,45202,51108
"Phlebotomists",3,319097,28170.5,27936.7,0.271868,0.27702,96595,120464
"Healthcare support workers, all other, including medical equipment preparers",3,31909X,24882.5,26211.4,0.394872,0.396766,152397,165102
"Protective service occupations",2,330000,47882.2,48236,0.393679,0.398361,3305330,3234188
"Firstline supervisors of correctional officers",3,331011,55755.7,57451.4,0.271925,0.265943,57556,59605
"Firstline supervisors of police & detectives",3,331012,78408,81596.6,0.26592,0.267622,107885,100681
"Firstline supervisors of fire fighting & prevention workers",3,331021,86985.1,88820,0.251282,0.224493,45675,46474
"Firstline supervisors of protective service workers, all other",3,331099,57490.3,56707,0.35454,0.35487,75870,72568
"Firefighters",3,332011,63761.6,65927.8,0.284402,0.278003,308750,279292
"Fire inspectors",3,332020,55183.4,55247.8,0.309426,0.288765,20586,18802
"Bailiffs, correctional officers, & jailers",3,333010,46567.7,46678.9,0.287406,0.289109,437504,422596
"Detectives & criminal investigators",3,333021,75835.8,76917.8,0.277459,0.253705,137269,126765
"Police officers",3,333050,62142.3,63850.5,0.287194,0.283074,753726,737263
"Miscellaneous law enforcement workers",3,3330XX,42229.1,37038.5,0.332657,0.333004,15006,13877
"Animal control workers",3,339011,34496.7,42052.1,0.322904,0.24817,11811,9423
"Private detectives & investigators",3,339021,57625.3,57670.4,0.331821,0.357623,87427,78239
"Security guards & gaming surveillance officers",3,339030,30114.5,30158.2,0.408524,0.41174,996253,1010289
"Crossing guards",3,339091,16604.7,16640,0.514353,0.560682,51650,65401
"Transportation security screeners",3,339093,42097.6,43688,0.289806,0.309716,28913,33511
"Lifeguards & other recreational, & all other protective service workers",3,33909X,9819.24,10509.7,0.639756,0.654458,169449,159402
"Food Preparation & Serving Related Occupations",2,350000,16202.8,16764.7,0.439423,0.441681,8608917,8703885
"Chefs & head cooks",3,351011,31005.1,31318.9,0.361808,0.351782,400409,416339
"Firstline supervisors of food preparation & serving workers",3,351012,24643.6,26865.8,0.383188,0.402267,528886,533492
"Cooks",3,352010,16371.7,16764,0.394648,0.400071,2327238,2342808
"Food preparation workers",3,352021,12513.6,13199.3,0.430169,0.433471,954278,1000494
"Bartenders",3,353011,22132.7,23112.5,0.358709,0.372203,434534,423293
"Combined food preparation & serving workers, including fast food",3,353021,12378.5,13033,0.424437,0.447882,399155,383865
"Counter attendants, cafeteria, food concession, & coffee shop",3,353022,8246.72,8788.52,0.521001,0.537094,189355,203698
"Waiters & waitresses",3,353031,15261.8,15814.7,0.429747,0.42265,2196747,2231715
"Food servers, nonrestaurant",3,353041,18185,17001.9,0.442026,0.427397,182940,182412
"Dishwashers",3,359021,11307,11893.1,0.454752,0.474541,323740,322743
"Hosts & hostesses, restaurant, lounge, & coffee shop",3,359031,8623.01,8603.38,0.521132,0.520041,316954,304354
"Miscellaneous food preparation & serving related workers, including dining room & cafeteria attendants & bartender helpers",3,3590XX,13057,12926.7,0.484555,0.472776,354681,358672
"Building & Grounds Cleaning & Maintenance Occupations",2,370000,22647.1,23034.3,0.416777,0.411403,5113262,4973448
"Firstline supervisors of housekeeping & janitorial workers",3,371011,38472.9,38558.1,0.364114,0.373737,192564,200581
"Firstline supervisors of landscaping, lawn service, & groundskeeping workers",3,371012,41139,43297.1,0.35397,0.365082,111828,119678
"Maids & housekeeping cleaners",3,372012,17525.2,17861.1,0.372779,0.370593,1214056,1190248
"Janitors & building cleaners",3,37201X,23280.1,23379.8,0.423682,0.418056,2458205,2366164
"Pest control workers",3,372021,33987.1,34148.6,0.338871,0.315766,69125,68412
"Grounds maintenance workers",3,373010,21488.2,22101.7,0.398482,0.385352,1067484,1028365
"Personal Care & Service Occupations",2,390000,19099.6,19662.4,0.463023,0.464603,4451344,4586204
"Firstline supervisors of gaming workers",3,391010,43065.6,40826.8,0.231519,0.26401,19522,22523
"Firstline supervisors of personal service workers",3,391021,40374.1,38237.2,0.444417,0.406596,66566,67707
"Animal trainers",3,392011,30924.7,28467.2,0.52179,0.4417,28144,29041
"Nonfarm animal caretakers",3,392021,18712.5,19003.2,0.439825,0.438541,175496,194030
"Gaming services workers",3,393010,33284,35397.9,0.34385,0.355326,105570,101495
"Motion picture projectionists",3,393021,18960.1,25017.4,0.627172,0.717814,4058,2792
"Ushers, lobby attendants, & ticket takers",3,393031,8651.08,9121.4,0.58936,0.546788,48497,47962
"Miscellaneous entertainment attendants & related workers",3,393090,13509.9,13234.2,0.557432,0.568982,201355,208971
"Morticians, undertakers, & funeral directors",3,394031,53813.1,55953.9,0.369331,0.403512,37562,34427
"Embalmers & funeral attendants",3,3940XX,21607.7,24604.8,0.585432,0.471169,13499,16729
"Barbers",3,395011,23610.5,21759.3,0.396817,0.334927,73284,57285
"Hairdressers, hairstylists, & cosmetologists",3,395012,21934,22782.9,0.422376,0.412206,587201,579050
"Miscellaneous personal appearance workers",3,395090,19656.2,20757.5,0.361126,0.388741,256702,263236
"Baggage porters, bellhops, & concierges",3,396010,26653.8,29647.9,0.328383,0.378825,88200,82506
"Tour & travel guides",3,397010,16271.8,18898.9,0.532923,0.569899,48870,52391
"Childcare workers",3,399011,14254,14726.6,0.475039,0.488588,940190,937495
"Personal care aides",3,399021,17635.8,18368.7,0.40065,0.405803,1195385,1296712
"Recreation & fitness workers",3,399030,21435.2,21683.6,0.508452,0.510851,385098,382685
"Residential advisors",3,399041,14052.9,14318.9,0.549396,0.532401,87834,79677
"Personal care & service workers, all other ",3,399099,17198,19665.8,0.475288,0.458116,88311,129490
"Sales & related occupations",1,410000,43372.6,44481.4,0.557894,0.561653,14840356,14940100
"Sales & Office Occupations",0,410000-430000,37446.3,38168.3,0.481862,0.483568,33835995,34274821
"Firstline supervisors of retail sales workers",3,411011,46169.8,47118.2,0.407004,0.419393,2809568,2848227
"Firstline supervisors of nonretail sales workers",3,411012,80458.2,83282.5,0.440874,0.44817,1107723,1112212
"Cashiers",3,412010,13261.1,13547.3,0.492072,0.491101,3314293,3351701
"Counter & rental clerks",3,412021,24836.7,25570.5,0.497217,0.487159,94526,90137
"Parts salespersons",3,412022,37124.8,34200.2,0.39875,0.358778,104052,120934
"Retail salespersons",3,412031,27074.9,27442.1,0.539267,0.536661,3390634,3377468
"Advertising sales agents",3,413011,65682.4,70317.4,0.460089,0.444621,166526,156631
"Insurance sales agents",3,413021,66643.4,65147.7,0.483135,0.488958,490837,494407
"Securities, commodities, & financial services sales agents",3,413031,128574,137112,0.520067,0.530154,227818,226093
"Travel agents",3,413041,38752,36923,0.365602,0.329679,66987,66073
"Sales representatives, services, all other",3,413099,73851.2,77215.5,0.475903,0.485942,621589,631785
"Sales representatives, wholesale & manufacturing",3,414010,74886.1,77200.3,0.422304,0.425408,1349271,1338703
"Models, demonstrators, & product promoters",3,419010,17754.8,20036.6,0.578429,0.631661,58798,52244
"Real estate brokers & sales agents",3,419020,66130.5,69061.2,0.5267,0.520653,558093,577490
"Sales engineers",3,419031,107157,109139,0.298394,0.29786,34621,34530
"Telemarketers",3,419041,18904.3,21407,0.453856,0.47704,78937,81060
"Doortodoor sales workers, news & street vendors, & related workers",3,419091,22129.4,22721.2,0.533455,0.55596,91264,98681
"Other Sales Workers",3,419099,55322.2,55812.6,0.528345,0.52682,274819,281724
"Office & Administrative Support Occupations",2,430000,32816.3,33290.1,0.39121,0.390426,18995639,19334721
"Firstline supervisors of office & administrative support workers",3,431011,53407.8,53295.1,0.351128,0.35074,1305625,1344364
"Switchboard operators, including answering service",3,432011,25728.8,27494.4,0.354549,0.351716,29532,29361
"Telephone operators",3,432021,30127.4,26267.3,0.443001,0.36263,38705,36982
"Communications equipment operators, all other",3,432099,42627.4,51205.3,0.471421,0.403986,12364,10213
"Bill & account collectors",3,433011,33605.8,33602.1,0.320271,0.29181,170501,168124
"Billing & posting clerks",3,433021,32828.6,34027.6,0.284739,0.30231,478017,480035
"Bookkeeping, accounting, & auditing clerks",3,433031,35003.5,35270.1,0.3385,0.340205,1144243,1151220
"Gaming cage workers",3,433041,25465.9,27508.5,0.312034,0.265161,9050,7011
"Payroll & timekeeping clerks",3,433051,38522.6,40373.7,0.289238,0.289021,163135,164306
"Procurement clerks",3,433061,60171.9,58279.9,0.363137,0.332603,30742,30317
"Tellers",3,433071,22786.9,23576.7,0.291256,0.307698,364744,345709
"Other financial clerks",3,433099,65645.2,69472.7,0.46502,0.468727,112530,121484
"Brokerage clerks",3,434011,45817.2,49778.6,0.293983,0.269895,7860,5438
"Court, municipal, & license clerks",3,434031,36772.7,37830.6,0.302343,0.276331,70660,74739
"Credit authorizers, checkers, & clerks",3,434041,44261.7,44019.4,0.368069,0.415861,42823,50702
"Customer service representatives",3,434051,29642.9,29728,0.440978,0.437363,2657374,2730292
"Eligibility interviewers, government programs",3,434061,43403.8,41779.8,0.266666,0.264818,74062,73802
"File clerks",3,434071,25815,26434.3,0.424457,0.422365,278486,246838
"Hotel, motel, & resort desk clerks",3,434081,19295.6,19715.6,0.385702,0.384811,144366,142442
"Interviewers, except eligibility & loan",3,434111,28210.6,28825.6,0.383612,0.366787,129156,133655
"Library assistants, clerical",3,434121,16949.7,16336.1,0.462562,0.455189,105488,106204
"Loan interviewers & clerks",3,434131,44882.2,42248.7,0.291047,0.272655,111491,117749
"New accounts clerks",3,434141,38789.9,50230.7,0.272036,0.417521,14628,14997
"Human resources assistants, except payroll & timekeeping",3,434161,39228.1,37533.8,0.352093,0.33002,63833,50385
"Receptionists & information clerks",3,434171,21939.7,22558.1,0.383055,0.377279,1148200,1172499
"Reservation & transportation ticket agents & travel clerks",3,434181,36461.8,35198,0.413983,0.381695,120862,128701
"Information & record clerks, all other",3,434199,34674.9,35909.3,0.341791,0.383208,100513,89399
"Correspondence clerks & order clerks",3,434XXX,30487.8,31371.7,0.364821,0.374497,120471,139357
"Cargo & freight agents",3,435011,41710.9,38394.5,0.363155,0.264877,20247,21501
"Couriers & messengers",3,435021,35580.4,34666.2,0.406973,0.406429,194530,202711
"Dispatchers",3,435030,38356.8,39197.2,0.320535,0.314978,290769,276129
"Meter readers, utilities",3,435041,35650.9,42118.4,0.32295,0.398006,28356,27074
"Postal service clerks",3,435051,49431.2,49221.3,0.195047,0.237161,106370,110677
"Postal service mail carriers",3,435052,48549.5,48500.6,0.232758,0.23374,297881,319578
"Postal service mail sorters, processors, & processing machine operators",3,435053,46115.8,44918.7,0.271497,0.27219,64146,68148
"Production, planning, & expediting clerks",3,435061,47162.5,46643.2,0.355543,0.3488,320740,319527
"Shipping, receiving, & traffic clerks",3,435071,29131,29166.8,0.320915,0.309895,609483,611758
"Stock clerks & order fillers",3,435081,21213.5,21645.9,0.428033,0.42536,1597238,1654544
"Weighers, measurers, checkers, & samplers, recordkeeping",3,435111,33446,35389.3,0.380449,0.387118,81180,78875
"Secretaries & administrative assistants",3,436010,33160.2,34228.7,0.33857,0.34414,3223525,3229257
"Computer operators",3,439011,41585.6,41365.8,0.373674,0.377783,82809,94570
"Data entry keyers",3,439021,28365.9,28287.6,0.378131,0.358122,343003,350715
"Word processors & typists",3,439022,29422.1,30435.8,0.374685,0.360727,305520,296520
"Insurance claims & policy processing clerks",3,439041,37765.9,38681.9,0.317711,0.316514,365380,384771
"Mail clerks & mail machine operators, except postal service",3,439051,25100.7,24461.7,0.331974,0.363525,81065,82520
"Office clerks, general",3,439061,28988.4,29237.9,0.394532,0.398048,1258233,1345853
"Office machine operators, except computer",3,439071,24689.7,24386,0.375979,0.391989,30935,40553
"Proofreaders & copy markers",3,439081,29228,26740.4,0.42365,0.413088,10537,11002
"Statistical assistants",3,439111,40955.9,49249.4,0.364608,0.387162,17434,19361
"Miscellaneous office & administrative support workers, including desktop publishers",3,439XXX,37824.6,38852.1,0.35375,0.349382,616797,622752
"Farming, Fishing, & Forestry Occupations",2,450000,22473.8,23651.6,0.418642,0.412744,1029697,1024305
"Natural resources, construction, & maintenance occupations",0,450000-490000,41136.7,42234.4,0.374859,0.371089,11854937,12221858
"Firstline supervisors of farming, fishing, & forestry workers",3,451011,42976.5,41631,0.354187,0.322205,49494,55308
"Agricultural inspectors",3,452011,47516.1,45403.6,0.305912,0.314935,12280,14066
"Graders & sorters, agricultural products",3,452041,17772.3,19963,0.418791,0.381576,59068,51701
"Miscellaneous agricultural workers, including animal breeders",3,4520XX,20236.2,21283.5,0.402975,0.396941,820549,827484
"Fishing & hunting workers",3,453000,34472.1,40958.2,0.450426,0.506914,21560,18429
"Forest & conservation workers",3,454011,27423.3,32458,0.362561,0.385302,15395,12188
"Logging workers",3,454020,31365.9,33037.1,0.343171,0.400198,51351,45129
"Construction & Extraction Occupations",1,470000,41409.9,42583.8,0.382467,0.379194,6415593,6646763
"Firstline supervisors of construction trades & extraction workers",3,471011,65612,66073.4,0.350121,0.343202,649288,689245
"Boilermakers",3,472011,53835.9,57693.5,0.266295,0.254195,12887,15826
"Carpenters",3,472031,34494.5,36319.5,0.359331,0.359994,892935,932667
"Carpet, floor, & tile installers & finishers",3,472040,30990.6,33822.3,0.34389,0.365785,117740,116180
"Cement masons, concrete finishers, & terrazzo workers",3,472050,33234.7,36149.4,0.316298,0.346391,47672,51477
"Construction laborers",3,472061,32099.2,33000.5,0.392101,0.389727,1430812,1480029
"Paving, surfacing, & tamping equipment operators",3,472071,40059.8,31322.4,0.341752,0.359532,11554,12764
"Construction equipment operators except paving, surfacing, & tamping equipment operators",3,47207X,48369.5,48529.9,0.324182,0.307892,324128,325949
"Drywall installers, ceiling tile installers, & tapers",3,472080,30927.7,31311.6,0.338438,0.350481,120554,125906
"Electricians",3,472111,49558.2,51865.4,0.320657,0.318012,696561,748837
"Glaziers",3,472121,38269.4,40167.4,0.316031,0.318455,39912,35386
"Insulation workers",3,472130,42505.9,38027.1,0.335477,0.333806,43467,39536
"Painters & paperhangers",3,472140,29542.6,29398.9,0.361904,0.367393,436500,447309
"Pipelayers, plumbers, pipefitters, & steamfitters",3,472150,45805.2,47051.9,0.341919,0.337568,479203,503410
"Plasterers & stucco masons",3,472161,31631.1,30285.5,0.331306,0.30235,24363,31664
"Roofers",3,472181,28428.7,29813.4,0.365499,0.356463,173783,184530
"Sheet metal workers",3,472211,40420,42402.5,0.294216,0.306783,123047,121544
"Structural iron & steel workers",3,472221,45152.8,47126.4,0.299277,0.284692,59826,56656
"Brickmasons, blockmasons, stonemasons, & reinforcing iron & rebar workers",3,472XXX,33152.7,36047.6,0.364549,0.336239,123181,119933
"Helpers, construction trades",3,473010,24833.5,27119.2,0.401489,0.423643,50817,44303
"Construction & building inspectors",3,474011,52678.8,52952.3,0.323053,0.327403,79002,83443
"Elevator installers & repairers",3,474021,89569.9,77362.5,0.2961,0.267525,21439,24215
"Fence erectors",3,474031,26904.1,27312.4,0.387005,0.318382,26468,22863
"Hazardous materials removal workers",3,474041,42325.6,41025,0.375218,0.370128,30395,32264
"Highway maintenance workers",3,474051,38070.9,39700.7,0.310332,0.293839,94176,109162
"Railtrack laying & maintenance equipment operators",3,474061,49232.5,54726.2,0.252443,0.215796,12400,15490
"Earth drillers, except oil & gas",3,475021,55781.1,60721.4,0.340814,0.394375,27435,24745
"Explosives workers, ordnance handling experts, & blasters",3,475031,43357.6,45147.2,0.372061,0.346503,19851,16138
"Mining machine operators",3,475040,62750.3,65180.8,0.292128,0.310868,66755,64583
"Miscellaneous extraction workers, including roof bolters & helpers",3,4750XX,57069,60643.4,0.346493,0.36028,86466,69022
"Derrick, rotary drill, & service unit operators, & roustabouts, oil, gas, & mining",3,4750YY,73235.7,82394.4,0.424817,0.429829,52587,39211
"Miscellaneous construction workers, including solar photovoltaic installers, septic tank servicers & sewer pipe cleaners",3,47XXXX,35361.5,35798.8,0.329137,0.34212,40389,62476
"Installation, maintenance, & repair occupations",1,490000,45097.2,45906.7,0.329927,0.327821,4409647,4550790
"Firstline supervisors of mechanics, installers, & repairers",3,491011,62229.6,61365.8,0.298154,0.279163,271445,273494
"Computer, automated teller, & office machine repairers",3,492011,42607,43235.1,0.340913,0.345478,182173,191987
"Radio & telecommunications equipment installers & repairers",3,492020,54725.2,50866.3,0.297985,0.311178,160754,164466
"Avionics technicians",3,492091,51010.5,45536.8,0.2849,0.324673,22427,25516
"Electric motor, power tool, & related repairers",3,492092,46959.6,45897.1,0.310776,0.321619,23055,23801
"Electronic equipment installers & repairers, motor vehicles",3,492096,46509.5,55161.9,0.370719,0.392035,11984,10162
"Electronic home entertainment equipment installers & repairers",3,492097,38685.9,39993.9,0.310102,0.323997,36716,35386
"Security & fire alarm systems installers",3,492098,43865.8,42764.7,0.300767,0.287672,49708,57831
"Electrical & electronics repairers, transportation equipment, & industrial & utility",3,49209X,51705.7,52569.7,0.340794,0.322068,20452,19399
"Aircraft mechanics & service technicians",3,493011,52855,53598.3,0.291044,0.296655,162053,190699
"Automotive body & related repairers",3,493021,38543.7,41531.8,0.336967,0.33366,124933,127928
"Automotive glass installers & repairers",3,493022,32415,35040.8,0.2565,0.28079,14582,15597
"Automotive service technicians & mechanics",3,493023,36880.8,38367,0.335538,0.345899,758730,740508
"Bus & truck mechanics & diesel engine specialists",3,493031,43847.9,43641.3,0.280816,0.281518,276084,305405
"Heavy vehicle & mobile equipment service technicians & mechanics",3,493040,51254.3,52122.8,0.300766,0.310339,204121,197279
"Small engine mechanics",3,493050,33298.4,31859.2,0.339243,0.371725,42619,42315
"Miscellaneous vehicle & mobile equipment mechanics, installers, & repairers",3,493090,24940.4,29799.2,0.398841,0.412562,74749,76479
"Control & valve installers & repairers",3,499010,53407.8,58741.2,0.28154,0.286603,17007,19625
"Heating, air conditioning, & refrigeration mechanics & installers",3,499021,42928.2,44178.2,0.303835,0.296556,316187,347439
"Home appliance repairers",3,499031,35165.1,41879.6,0.337285,0.331983,29992,30209
"Maintenance workers, machinery",3,499043,45936.1,50628.8,0.285273,0.330096,31050,34402
"Millwrights",3,499044,59715.1,59267.4,0.294084,0.23419,44421,45066
"Industrial & refractory machinery mechanics",3,49904X,49357.7,49917.2,0.279023,0.274934,366864,397550
"Electrical powerline installers & repairers",3,499051,69264.2,73257.7,0.299009,0.295029,108834,114016
"Telecommunications line installers & repairers",3,499052,48736.2,50293.1,0.303609,0.311824,132501,149854
"Precision instrument & equipment repairers",3,499060,49686.5,50049.6,0.33473,0.362443,50740,58131
"Maintenance & repair workers, general",3,499071,42741.4,42441.4,0.314445,0.301546,546124,502525
"Coin, vending, & amusement machine servicers & repairers",3,499091,33386,31482.8,0.353049,0.347574,34922,30579
"Locksmiths & safe repairers",3,499094,47288.9,41325.6,0.402099,0.311363,19548,19493
"Riggers",3,499096,40780.2,52807.6,0.326789,0.278056,12927,10518
"Helpersinstallation, maintenance, & repair workers ",3,499098,21141.8,23537.2,0.376089,0.400416,24677,22460
"Miscellaneous installation, maintenance, & repair workers, including wind turbine service technicians",3,4990XX,40297.1,40661.7,0.354687,0.357215,237268,270671
"Production Occupations",2,510000,36829.9,37784.8,0.369572,0.366246,8639292,8739799
"Production, Transportation, & Material Moving Occupations",0,510000-530000,35338,36213.5,0.398264,0.39703,17629802,17960445
"Firstline supervisors of production & operating workers",3,511011,57588.7,58936.9,0.319251,0.32348,875498,874163
"Aircraft structure, surfaces, rigging, & systems assemblers",3,512011,42672.6,40575.4,0.266611,0.316116,5980,7975
"Electrical, electronics, & electromechanical assemblers",3,512020,28405.8,32129.2,0.303458,0.316996,126553,134623
"Engine & other machine assemblers",3,512031,36476.6,39901.5,0.314523,0.289006,15598,12087
"Structural metal fabricators & fitters",3,512041,38808.1,38881.6,0.324951,0.321171,28475,30140
"Miscellaneous assemblers & fabricators",3,512090,30145.9,31367.7,0.343224,0.34825,1006737,1039916
"Bakers",3,513011,21467.4,21689.6,0.390057,0.363511,221764,226713
"Butchers & other meat, poultry, & fish processing workers",3,513020,27688.1,28367.8,0.339325,0.330184,256826,258028
"Food & tobacco roasting, baking, & drying machine operators & tenders",3,513091,27941.2,30855.1,0.393204,0.296762,8092,9551
"Food batchmakers",3,513092,24376.4,23075.5,0.380338,0.37951,86200,92762
"Food cooking machine operators & tenders",3,513093,22634.6,19676.1,0.429093,0.356677,8110,8471
"Food processing workers, all other",3,513099,31738.1,31697.5,0.34937,0.31483,126209,131206
"Computer control programmers & operators",3,514010,45523.4,44803.6,0.280089,0.27044,81833,91766
"Extruding & drawing machine setters, operators, & tenders, metal & plastic",3,514021,38661.5,36694.3,0.251194,0.252566,11298,13094
"Forging machine setters, operators, & tenders, metal & plastic",3,514022,39242.4,40400.9,0.193793,0.252332,8141,8007
"Rolling machine setters, operators, & tenders, metal & plastic",3,514023,43186.4,45062.9,0.311527,0.281253,8949,8653
"Machine tool cutting setters, operators, & tenders, metal & plastic",3,514030,33038.1,33898.5,0.325671,0.297415,150282,146679
"Machinists",3,514041,45711.7,45281.3,0.277352,0.269054,368394,346067
"Metal furnace operators, tenders, pourers, & casters",3,514050,42078.5,43130.5,0.273334,0.272617,27217,23114
"Model makers, patternmakers, & molding machine setters, metal & plastic",3,5140XX,36723.8,38086.7,0.305746,0.31614,41313,47782
"Tool & die makers",3,514111,54089.8,54373.7,0.231775,0.257538,56312,55737
"Welding, soldering, & brazing workers",3,514120,40033.1,41094.7,0.311202,0.308914,597977,607908
"Miscellaneous metal workers & plastic workers, including multiple machine tool setters",3,514XXX,34724.2,35655.8,0.298419,0.292817,413797,426881
"Prepress technicians & workers",3,515111,40163.7,31692.2,0.486219,0.336158,33050,23842
"Printing press operators",3,515112,34779.9,34609.7,0.308885,0.305464,176918,177687
"Print binding & finishing workers",3,515113,27298.1,28320.4,0.332494,0.304213,18922,22282
"Laundry & drycleaning workers",3,516011,20366.8,20703.5,0.39257,0.397733,195425,175858
"Pressers, textile, garment, & related materials",3,516021,19795.7,19780.8,0.390102,0.365205,46033,41273
"Sewing machine operators",3,516031,22487,21885.1,0.373946,0.331663,179321,177042
"Shoe & leather workers",3,516040,25710,25819.2,0.308077,0.350305,11520,9341
"Tailors, dressmakers, & sewers",3,516050,26159.7,27171.7,0.413304,0.469703,55749,51271
"Textile knitting & weaving machine setters, operators, & tenders",3,516063,31517.6,27112.5,0.281074,0.252091,5835,7476
"Textile winding, twisting, & drawing out machine setters, operators, & tenders",3,516064,27688.7,25038,0.243045,0.22494,12597,12421
"Textile bleaching & dyeing, & cutting machine setters, operators, & tenders",3,51606X,24909.4,25064.9,0.344241,0.316704,11854,11403
"Upholsterers",3,516093,29633.4,31229.5,0.305827,0.32943,24576,24631
"Miscellaneous textile, apparel, & furnishings workers except upholsterers",3,51609X,32487.1,31041.4,0.336559,0.36956,18603,17255
"Cabinetmakers & bench carpenters",3,517011,33112.7,31565.7,0.309293,0.307983,45683,39086
"Furniture finishers",3,517021,29048.5,29072.6,0.271743,0.24383,10541,10718
"Sawing machine setters, operators, & tenders, wood",3,517041,26354.4,26484.6,0.342546,0.310271,33043,32055
"Woodworking machine setters, operators, & tenders, except sawing",3,517042,25333.4,25001,0.317161,0.318545,19119,15020
"Miscellaneous woodworkers, including model makers & patternmakers",3,5170XX,32023.8,32561,0.312341,0.333524,21546,25313
"Power plant operators, distributors, & dispatchers",3,518010,83188.5,89249.5,0.258013,0.236449,45652,47602
"Stationary engineers & boiler operators",3,518021,59456.5,59850.7,0.302602,0.291575,80363,96950
"Water & wastewater treatment plant & system operators",3,518031,47887.4,50637.5,0.257101,0.265095,88790,84042
"Miscellaneous plant & system operators",3,518090,65387.6,63569.3,0.301205,0.280727,41778,46350
"Chemical processing machine setters, operators, & tenders",3,519010,52828.6,51997.8,0.305395,0.349812,55265,52897
"Crushing, grinding, polishing, mixing, & blending workers",3,519020,36988,38369.8,0.327343,0.356493,88714,92609
"Cutting workers",3,519030,25513.9,28127.9,0.385405,0.378687,67988,67078
"Extruding, forming, pressing, & compacting machine setters, operators, & tenders",3,519041,34769.8,37818.4,0.343253,0.303076,31971,25165
"Furnace, kiln, oven, drier, & kettle operators & tenders",3,519051,42658.2,37618.2,0.292546,0.311462,11210,14159
"Inspectors, testers, sorters, samplers, & weighers",3,519061,40965.1,41979.4,0.365123,0.359415,791738,790246
"Jewelers & precious stone & metal workers",3,519071,34495.5,36870.3,0.360075,0.354437,31339,33396
"Medical, dental, & ophthalmic laboratory technicians",3,519080,35038.7,34934.8,0.336681,0.331641,84639,84627
"Packaging & filling machine operators & tenders",3,519111,24877.6,25716.9,0.337733,0.340618,266707,259215
"Painting workers",3,519120,35786.5,36022,0.328767,0.330381,132608,144193
"Photographic process workers & processing machine operators",3,519151,31784,34885.5,0.415522,0.47392,35439,27649
"Adhesive bonding machine operators & tenders",3,519191,28557.1,31119.6,0.396165,0.344734,8471,8202
"Etchers & engravers",3,519194,32194.9,32244,0.376839,0.418701,8432,8261
"Molders, shapers, & casters, except metal & plastic",3,519195,33442.1,36418.9,0.385518,0.389191,27913,27794
"Paper goods machine setters, operators, & tenders",3,519196,34742.7,36621.4,0.404497,0.338594,28190,22452
"Tire builders",3,519197,48557.4,44525.9,0.225141,0.236927,12980,14750
"Helpersproduction workers",3,519198,22856,24723.3,0.431272,0.421484,46998,47627
"Miscellaneous production workers, including semiconductor processors",3,5191XX,33253.8,34892,0.371929,0.368834,1200217,1269238
"Transportation & Material Moving Occupations",1,530000,33904.4,34724.1,0.425041,0.425379,8990510,9220646
"Supervisors of transportation & material moving workers",3,531000,51139,50916,0.33382,0.324619,212841,217238
"Transportation Occupations",2,531000-536000,40127.2,41184.8,0.408425,0.409572,5211945,5366014
"Aircraft pilots & flight engineers",3,532010,116347,118880,0.373604,0.389273,140957,148762
"Air traffic controllers & airfield operations specialists",3,532020,82581.2,84584.2,0.371395,0.337278,43306,43466
"Flight attendants",3,532031,41888.4,43969.5,0.281953,0.294118,96327,101944
"Ambulance drivers & attendants, except emergency medical technicians",3,533011,26819.3,26022.9,0.389845,0.361972,16427,13127
"Bus drivers",3,533020,26482,27270,0.376457,0.378999,573025,608347
"Driver/sales workers & truck drivers",3,533030,38695.6,40001.3,0.364479,0.361723,3208799,3270484
"Taxi drivers & chauffeurs",3,533041,26268.3,25987.2,0.419451,0.427098,305150,337666
"Motor vehicle operators, all other",3,533099,18629.4,18271.1,0.459703,0.496407,47027,47903
"Locomotive engineers & operators",3,534010,77453.6,82285.2,0.198782,0.215495,49869,43338
"Railroad conductors & yardmasters",3,534031,65972.6,66899.2,0.256691,0.250302,51442,53841
"Subway, streetcar, & other rail transportation workers",3,5340XX,59681.8,53637.9,0.376941,0.284871,16451,20147
"Ship & boat captains & operators",3,535020,68732.2,73473.8,0.441962,0.413002,45657,46130
"Sailors & marine oilers, & ship engineers",3,5350XX,45033.8,47542,0.425032,0.365411,33556,37862
"Parking lot attendants",3,536021,19790.4,21295.8,0.439213,0.464297,90828,81544
"Automotive & watercraft service attendants-",3,536031,20400.4,19267.8,0.424467,0.429976,98686,96259
"Transportation inspectors",3,536051,56598.2,57956.3,0.300285,0.323314,46756,43837
"Transportation attendants, except flight attendants",3,536061,27410.6,24714.2,0.43039,0.502026,19590,33737
"Miscellaneous transportation workers, including bridge & lock tenders & traffic technicians",3,5360XX,38047.1,44189.9,0.316106,0.412834,23597,30041
"Material Moving Occupations",2,537000,25320.9,25730.3,0.412178,0.409035,3778565,3854632
"Crane & tower operators",3,537021,56829.7,63031.7,0.290809,0.31474,64283,59004
"Dredge, excavating, & loading machine operators",3,537030,41624.4,39507.8,0.334333,0.358854,27371,31337
"Industrial truck & tractor operators",3,537051,31403.7,31648,0.296209,0.288956,541328,575932
"Cleaners of vehicles & equipment",3,537061,21308.1,20466.7,0.448964,0.413595,354341,349602
"Laborers & freight, stock, & material movers, hand",3,537062,24806.1,25376.6,0.425097,0.428212,2210901,2229704
"Machine feeders & offbearers",3,537063,27116.7,22428.7,0.419896,0.390448,25367,27954
"Packers & packagers, hand",3,537064,19348,20218.2,0.387836,0.397295,467024,481124
"Pumping station operators",3,537070,55782.2,54155.7,0.307741,0.285526,29184,27415
"Refuse & recyclable material collectors",3,537081,28805.3,28984.6,0.419189,0.422851,83787,90007
"Conveyor operators & tenders, & hoist & winch operators",3,5370XX,40514.2,40822.9,0.33477,0.304212,16110,14740
"Miscellaneous material moving workers, including mine shuttle car operators, & tank car, truck, & ship loaders",3,5371XX,36912.5,37253.6,0.405738,0.398349,50523,58154
"Military specific occupations",1,550000,43201.2,44136.8,0.377416,0.379176,500849,528001
"Military officer special & tactical operations leaders",3,551010,65836.5,66346.8,0.275219,0.278307,34242,42483
"Firstline enlisted military supervisors",3,552010,58677.4,59769.7,0.278778,0.263518,84215,92975
"Military enlisted tactical operations & air/weapons specialists & crew members",3,553010,25949.4,26263.5,0.415748,0.42309,152070,152227
"Military, rank not specified",3,559830,45567.9,45484,0.343443,0.351412,230322,240316